Ticker,Name,Sector,Market_Cap,Revenue_CAGR_5Y,Net_Profit_Margin_5Y_Avg,ROE,Debt_to_Equity,Current_Ratio,Trailing_PE,Altman_Z_Score,Op_Margin_Stability,Free_Cash_Flow,Interest_Coverage,Inventory_Turnover,Debt_Reduction_Trend,Asset_Turnover,Receivables_Turnover,RnA_Intensity,Cash_Conversion_Efficiency,AI_Success_Probability,AI_Recommendation
RELIANCE.NS,Reliance Industr,Energy,2125290.49,0.0808,0.0833,8.4,0.43,1.1,27.73,1.0209153505903368,189.81154561291805,387360000000.0,5.792595271461507,0.0,-274552999999.99988,0.49468366321884644,3.476312067530067,0.0028954423592493297,2.5658023202389155,0.18,Avoid
HDFCBANK.NS,HDFC Bank,Financial Services,1543897.95,0.0751,0.218,14.45,6.3,1.89,21.34,-0.9649999999999999,34.21422590321974,1129220100000.0,11.733023580748199,0.0,-2036016060000.0002,0.04921400320589471,5.216171108296708,0.0028954423592493297,1.77520811547534,0.77,Avoid
BHARTIARTL.NS,Bharti Airtel,Communication Services,1275915.08,0.25170000000000003,0.1464,23.18,1.77,0.41,39.62,0.5436663263919046,17.205327216131952,586523000000.0,3.1799864880976036,0.0,-121464599999.99985,0.3363112712409431,3.476312067530067,0.0028954423592493297,2.930382255387247,0.24,Avoid
TCS.NS,TCS,Technology,1144144.82,0.0362,0.191,52.38,0.1,2.43,22.75,4.271423560910127,127.58283839973629,449710000000.0,83.07412060301507,0.0,-5055000000.000006,1.5994838030683647,3.476312067530067,0.0028954423592493297,1.0073115976355735,96.68,Strong Buy
ICICIBANK.NS,ICICI Bank,Financial Services,982665.76,0.105,0.2927,17.89,5.58,1.65,18.44,-0.14100000000000001,34.21422590321974,1180352582000.0,11.733023580748199,0.0,-152931838800.00015,0.07747788020496402,3.476312067530067,0.0028954423592493297,2.4065685730828346,0.77,Avoid
SBIN.NS,SBI,Financial Services,908569.96,0.0762,0.16399999999999998,17.2,11.08,1.14,11.56,-6.220000000000001,34.21422590321974,428490705000.0,11.733023580748199,0.0,-515718099300.0003,0.04778706025540369,1.1679909302768179,0.0028954423592493297,0.6251348469855093,0.24,Avoid
INFY.NS,Infosys,Technology,647502.76,0.079,0.1629,28.83,0.08,2.28,23.02,3.502135477147659,113.06788204737025,4088000000.0,91.75510204081633,0.0,-71199999.9999999,1.1066651357712842,3.2365681665547346,0.0028954423592493297,1.3777707409753008,97.68,Strong Buy
BAJFINANCE.NS,Bajaj Finance,Financial Services,629033.81,0.2234,0.24109999999999998,19.22,3.85,2.77,34.37,2.842,34.21422590321974,-692362900000.0,11.733023580748199,0.0,-481385720000.00006,0.09086868052628509,10.744038393733623,0.0028954423592493297,-4.096358176732288,96.34,Strong Buy
HINDUNILVR.NS,Hind. Unilever,Consumer Defensive,569870.09,0.0294,0.1655,20.72,0.04,1.09,53.87,1.6255469482647906,203.74722678974672,106110000000.0,37.49367088607595,0.0,-2079999999.9999983,0.7797696544817225,3.476312067530067,0.0028954423592493297,1.1161611418912574,4.49,Avoid
LT.NS,Larsen & Toubro,Industrials,558886.81,0.1333,0.07,16.55,1.32,1.25,34.77,1.3728229621915171,329.07420897533353,47418800000.0,8.078932041166793,0.0,-17531520000.00008,0.6698089791926257,3.476312067530067,0.0028954423592493297,0.6092068223215764,3.29,Avoid
ITC.NS,ITC,Consumer Defensive,504157.98,0.091,0.2645,27.32,0.01,3.04,24.99,3.0394392529338794,51.56616358062296,153483400000.0,598.5796715490458,0.0,-102690000.00000024,0.8474599128988447,3.476312067530067,0.0028954423592493297,0.5073021469995795,97.68,Strong Buy
M&M.NS,M & M,Consumer Cyclical,458395.73,0.2043,0.08839999999999999,18.05,1.53,1.35,32.21,1.3924972279958385,128.40222877244253,-72161400000.0,3.1549664042178547,0.0,-156410970000.00006,0.5607095048324977,3.476312067530067,0.0028954423592493297,0.24563271998824357,1.24,Avoid
HCLTECH.NS,HCL Technologies,Technology,439153.59,0.07519999999999999,0.14730000000000001,25.0,0.1,2.29,25.87,2.9964240272100007,231.069677881946,211530000000.0,37.119565217391305,0.0,-778000000.0000027,1.1090635185325552,3.476312067530067,0.0028954423592493297,1.2801035077630822,99.18,Strong Buy
SUNPHARMA.NS,Sun Pharma.Inds.,Healthcare,434290.31,0.0926,0.2186,16.86,0.07,2.57,37.62,2.3942278903425116,15.544714862523875,119435100000.0,60.4403959197787,0.0,396530000.00000256,0.5650480159842641,3.476312067530067,0.0028954423592493297,1.2875870158769662,97.01,Strong Buy
KOTAKBANK.NS,Kotak Mah. Bank,Financial Services,418292.81,0.0959,0.33640000000000003,15.37,3.62,2.0,22.52,1.9169999999999998,34.21422590321974,157028876000.0,11.733023580748199,0.0,-117545190699.99998,0.086710087680132,5.884521518836776,0.0028954423592493297,0.7645187295356606,92.02,Strong Buy
AXISBANK.NS,Axis Bank,Financial Services,400531.67,0.060899999999999996,0.2214,16.3,7.28,1.93,15.41,-1.7200000000000002,34.21422590321974,419381400000.0,11.733023580748199,0.0,-146786750000.0002,0.05123280361769901,2.7256843682954255,0.0028954423592493297,1.5820176787758096,0.77,Avoid
ULTRACEMCO.NS,UltraTech Cem.,Basic Materials,346787.25,0.1308,0.0801,9.29,0.35,0.69,47.28,0.8246009901525183,39.98776954090062,15441000000.0,5.629988622036348,0.0,-41755649999.999985,0.560493955144597,3.476312067530067,0.0028954423592493297,1.767384598061635,0.68,Avoid
TITAN.NS,Titan Company,Consumer Cyclical,346270.44,0.2469,0.0552,31.75,0.97,1.26,83.86,2.486486803387989,90.44413188843043,-10350000000.0,5.758656873032529,0.0,-46664000000.00001,1.4834551135385146,3.476312067530067,0.0028954423592493297,-0.16212166616721607,92.52,Strong Buy
BAJAJFINSV.NS,Bajaj Finserv,Financial Services,333135.42,0.12050000000000001,0.13140000000000002,13.39,5.13,1.12,34.41,-0.6709999999999998,34.21422590321974,-639768200000.0,1.9769026355734542,0.0,-523397870000.0,0.18581203079071865,3.476312067530067,0.0028954423592493297,-7.000797988348018,0.24,Avoid
ADANIPORTS.NS,Adani Ports,Industrials,325371.09,0.2216,0.3531,18.76,0.85,1.12,27.11,1.0696242687364181,17.79066425545204,91773600000.0,5.849710423273334,0.0,-8577389999.999999,0.22518900338818032,3.476312067530067,0.0028954423592493297,1.5529930194882762,0.74,Avoid
NTPC.NS,NTPC,Utilities,316208.28,0.0167,0.1137,12.13,1.33,0.87,13.31,0.7476119378080059,89.62876999128464,91525900000.0,3.2623991120751117,0.0,-132386590000.00003,0.3553201676595514,3.476312067530067,0.0028954423592493297,2.15331566368349,0.18,Avoid
ONGC.NS,O N G C,Energy,311613.52,-0.0148,0.06269999999999999,10.63,0.48,0.87,8.51,1.086449019177286,39.4296124149169,351919780000.0,5.4254226998568775,0.0,-211945522000.0,0.802599648534229,3.476312067530067,0.0010332031780657782,2.5083955353921725,0.77,Avoid
ADANIENT.NS,Adani Enterp.,Energy,299153.39,-0.0908,0.050499999999999996,9.82,2.03,0.97,120.28,0.8877129115962925,18.909001385022005,-246580400000.0,3.1439438579261805,0.0,-162942970000.00012,0.4931527175790875,3.476312067530067,0.0028954423592493297,0.6357374278067334,0.68,Avoid
ETERNAL.NS,Eternal Ltd,Consumer Cyclical,296072.95,1.018,0.021400000000000002,1.71,0.11,3.18,1574.86,0.7220200181883702,6.301624955968307,-6280000000.0,5.6158940397351,0.0,-6166100000.0,0.5682564635207591,3.476312067530067,0.0028954423592493297,0.5844402277039848,1.26,Avoid
ADANIPOWER.NS,Adani Power,Utilities,286687.23,0.0151,0.2271,26.1,0.83,1.58,23.83,1.5641770820869814,12.295110655857803,99420700000.0,6.3243040932627315,0.0,35912639999.999985,0.4971043921685527,3.476312067530067,0.0028954423592493297,1.6617584206226712,1.77,Avoid
JSWSTEEL.NS,JSW Steel,Basic Materials,282353.99,0.021400000000000002,0.0229,4.94,1.22,1.09,46.18,1.2209993505017254,13.123983804204112,82050000000.0,1.645682309551062,0.0,-140037000000.00006,0.6919233037857956,3.476312067530067,0.0028954423592493297,5.964326484018265,0.24,Avoid
ASIANPAINT.NS,Asian Paints,Basic Materials,275673.44,-0.013000000000000001,0.11710000000000001,20.59,0.18,2.18,68.6,2.7150574937529415,34.6191255799883,25938900000.0,23.47850409655537,0.0,-2652109999.999999,1.1133896824542324,3.476312067530067,0.0028954423592493297,1.2063492063492063,99.68,Strong Buy
WIPRO.NS,Wipro,Technology,262139.06,0.011000000000000001,0.1479,16.59,0.19,2.26,19.42,2.4031121503553883,56.725186747496316,154389000000.0,19.920406618362712,0.0,-3830099999.9999967,0.6924758262599882,4.079886426085364,0.0028954423592493297,1.2898427151057448,98.68,Strong Buy
DMART.NS,Avenue Super.,Consumer Defensive,261523.01,0.1654,0.0454,13.44,0.07,2.49,95.7,3.989738604442751,241.77867248759614,-9600700000.0,54.12700708809489,0.0,-467399999.99999994,2.4355445597071417,3.476312067530067,0.0028954423592493297,0.9095095309488113,95.43,Strong Buy
BAJAJ-AUTO.NS,Bajaj Auto,Consumer Cyclical,255965.42,0.1183,0.1432,22.77,0.58,0.94,30.73,2.3620696321668744,100.60967826374309,-22794100000.0,27.288326047827205,0.0,-46182600000.0,0.9090076295314584,3.476312067530067,0.0028954423592493297,-0.19189376263698457,95.52,Strong Buy
POWERGRID.NS,Power Grid Corpn,Utilities,255626.14,0.008,0.33380000000000004,17.0,1.37,0.89,16.82,0.47213329159455475,24.61365060308959,120892500000.0,3.0425994349054553,0.0,14654550000.000118,0.16562092891965827,3.476312067530067,0.0028954423592493297,2.333758336855343,0.24,Avoid
NESTLEIND.NS,Nestle India,Consumer Defensive,246226.66,0.0625,0.1533,83.02,0.1,0.85,82.24,3.2059305434074554,98.80076984155511,9277100000.0,32.73384309977207,0.0,-3062140000.0000005,1.6465983013650096,3.476312067530067,0.004939858050056033,0.9154380703269432,99.64,Strong Buy
IOC.NS,I O C L,Energy,233862.08,-0.009300000000000001,0.0161,6.51,0.74,0.69,9.59,2.601,36.87131463293236,-1506600000.0,3.0094292184476825,0.0,-44403809999.99998,1.4886900618219314,3.476312067530067,0.0028954423592493297,2.551822936584046,10.55,Avoid
COALINDIA.NS,Coal India,Energy,232550.55,-0.0092,0.2462,38.89,0.13,1.77,7.45,1.600040279483328,14.467599206266275,159066900000.0,72.32624113475177,0.0,-19087880000.000008,0.4775928073646272,3.476312067530067,0.0017775167666689172,0.8258252126241863,3.36,Avoid
INDIGO.NS,Interglobe Aviat,Industrials,228416.69,0.1286,0.0722,103.8,8.83,1.43,45.12,1.2594282364641276,6.641585794834552,225465000000.0,2.4947637795275592,0.0,-96221776000.00005,0.6700298247204203,3.476312067530067,0.0028954423592493297,3.3273586465336713,1.29,Avoid
TATASTEEL.NS,Tata Steel,Basic Materials,211782.54,-0.0042,0.0152,3.89,1.01,0.74,28.81,1.0550070827378417,11.537575552541885,78412900000.0,2.146019248189948,0.0,-59908169999.99989,0.7761073219687696,3.476312067530067,0.0028954423592493297,6.873773209258268,0.27,Avoid
VEDL.NS,Vedanta,Basic Materials,202113.61,0.08869999999999999,0.124,38.48,2.12,0.73,15.83,1.0227195057668956,21.74123008012265,225570000000.0,4.028053177106805,0.0,-71032999999.99997,0.7414175598766313,3.476312067530067,0.0028954423592493297,2.639578329330131,1.87,Avoid
HINDZINC.NS,Hindustan Zinc,Basic Materials,198674.16,0.0837,0.304,72.42,0.82,0.86,19.0,2.8699831668950395,23.42221372564131,101540000000.0,14.829591836734695,0.0,-22168999999.999985,0.957987822557263,3.476312067530067,0.00036318513362186376,1.367719501593741,96.52,Strong Buy
EICHERMOT.NS,Eicher Motors,Consumer Cyclical,197489.88,0.25370000000000004,0.25120000000000003,24.1,0.02,1.59,38.67,2.586318738155754,20.047351532678384,29405900000.0,110.1842105263158,0.0,-1182289999.9999998,0.6821936520424915,3.476312067530067,0.002000193114653464,0.8406316269717221,99.14,Strong Buy
JIOFIN.NS,Jio Financial,Financial Services,195583.62,0.29969999999999997,0.7892,1.23,0.08,1.43,121.6,0.31764553608059476,1.9929771528708446,-101251900000.0,255.49803921568628,0.0,-11167230000.000006,0.010092057565152078,3.476312067530067,0.0028954423592493297,-6.2529161163097875,1.24,Avoid
GRASIM.NS,Grasim Inds,Basic Materials,186884.23,0.15259999999999999,0.0519,3.95,2.06,0.91,43.18,0.3800318446342658,41.846491644087095,-343509900000.0,4.905440166823605,0.0,-369411420000.0,0.2940415039326865,3.476312067530067,0.0028954423592493297,-4.63333315342933,0.18,Avoid
DLF.NS,DLF,Real Estate,180657.98,0.2892,0.5826,11.36,0.04,1.65,46.81,0.8507753135514974,25.29694458145391,51392062000.0,7.03327795458943,0.0,-1262537399.999999,0.11438010329023862,3.476312067530067,0.0028954423592493297,1.1986438156328336,1.76,Avoid
HINDALCO.NS,Hindalco Inds.,Basic Materials,180140.48,0.1319,0.0676,14.02,0.56,1.47,10.05,1.7570580215408302,50.11021929792765,37610000000.0,7.70982276960048,0.0,5615000000.000012,0.891090300047746,3.476312067530067,0.0038266490030461307,1.5255296543966002,1.87,Avoid
LTIM.NS,LTIMindtree,Technology,174627.67,0.0872,0.1211,21.53,0.1,3.48,35.86,1.7021126278786234,61.022018174240266,35962000000.0,23.28110433847257,0.0,-2917999999.999997,1.2408782239634346,3.476312067530067,0.0028954423592493297,0.9884967490812621,5.04,Avoid
DIVISLAB.NS,Divi's Lab.,Healthcare,172737.88,0.1643,0.23399999999999999,15.35,0.01,5.7,69.51,2.8389611031061115,16.283369272301098,2150000000.0,1459.0,0.0,69999.9999999982,0.5507323411292228,3.476312067530067,0.0028954423592493297,0.7544500228206299,94.01,Strong Buy
ADANIGREEN.NS,Adani Green,Utilities,170299.73,0.1489,0.2057,14.61,4.52,0.64,77.73,0.2585918312237997,16.427427487462154,-164120000000.0,1.4579284680587141,0.0,-92257999999.99997,0.10064812653728074,3.476312067530067,0.0028954423592493297,5.792243767313019,0.24,Avoid
HDFCLIFE.NS,HDFC Life Insur.,Financial Services,169873.49,-0.1702,0.0179,10.8,0.14,0.93,89.72,3.87,491.34785387357357,9592400000.0,14.23891434614029,0.0,-7050000000.000002,0.25777202346871275,3.476312067530067,0.0028954423592493297,1.1965874269181191,6.62,Avoid
TVSMOTOR.NS,TVS Motor Co.,Consumer Cyclical,168175.3,0.17190000000000003,0.0524,28.39,2.08,1.08,64.55,1.4321140758884985,37.99649929691689,10248600000.0,2.6827080013057087,0.0,-41974619999.99996,0.7694997445600895,3.476312067530067,0.0028954423592493297,1.5669094097228435,1.37,Avoid
SHRIRAMFIN.NS,Shriram Finance,Financial Services,161179.3,0.19690000000000002,0.1873,15.57,3.87,4.01,18.4,3.697,34.21422590321974,-439064900000.0,11.733023580748199,0.0,-280838600000.00006,0.07554145727377191,87.42395587076439,0.0028954423592493297,-4.569051960367686,91.84,Strong Buy
BPCL.NS,B P C L,Energy,159909.59,-0.013500000000000002,0.030899999999999997,17.31,0.56,0.86,7.43,2.3461412439815676,32.29139292702715,85346700000.0,6.114916337530523,0.0,25077869999.999924,2.0090361294065056,3.476312067530067,0.0028954423592493297,1.775405933318587,95.02,Strong Buy
VBL.NS,Varun Beverages,Consumer Defensive,157414.05,0.115,0.1344,22.49,0.12,1.8,53.0,1.9816621146550826,35.94644595477267,-3979130000.0,8.653885254892518,0.0,134021999.9999977,0.8401798140417933,3.476312067530067,0.0028954423592493297,1.30311184664652,97.02,Strong Buy
IRFC.NS,I R F C,Financial Services,154299.7,-0.0038,0.2395,12.77,7.25,13.18,22.57,0.1986855195623565,19.30009153842671,82287500000.0,1.8136185377890899,0.0,-64181772999.999695,0.05536544583948095,3.476312067530067,0.0028954423592493297,1.265698246693325,0.73,Avoid
TRENT.NS,Trent,Consumer Cyclical,152575.05,0.23620000000000002,0.08380000000000001,30.4,0.38,1.24,94.07,3.2160209390228878,26.042551241416955,3927100000.0,15.645645428963128,0.0,10175660000.0,1.7913338513998411,3.476312067530067,0.0028954423592493297,1.073820730319644,98.52,Strong Buy
PIDILITIND.NS,Pidilite Inds.,Basic Materials,151090.08,0.0913,0.16079999999999997,23.05,0.05,2.15,67.31,2.7750166352404317,32.71102974367828,18342900000.0,57.061569016881826,0.0,-106790000.00000016,0.9345093698234375,3.476312067530067,0.0028954423592493297,1.1013322159287944,99.68,Strong Buy
MUTHOOTFIN.NS,Muthoot Finance,Financial Services,149552.81,0.4117,0.2648,19.58,3.76,2.33,20.48,2.5280000000000005,34.21422590321974,-267418900000.0,11.733023580748199,0.0,-145595135000.00006,0.09673960233702661,66.41991028794675,0.0028954423592493297,-4.973820997956084,93.84,Strong Buy
BANKBARODA.NS,Bank of Baroda,Financial Services,149064.25,0.059699999999999996,0.1628,15.53,10.53,2.26,7.75,-4.717,34.21422590321974,285590900000.0,11.733023580748199,0.0,23532074099.99996,0.03742616794491275,0.8759460710061301,0.0028954423592493297,1.6842550475161429,1.77,Avoid
TECHM.NS,Tech Mahindra,Technology,148902.77,0.033,0.0746,14.62,0.07,1.83,33.2,2.657831278015885,24.00668126092853,51922000000.0,18.572894000621698,0.0,1983100000.0000017,1.190895503938689,3.476312067530067,0.0028954423592493297,1.3608608726331883,97.68,Strong Buy
CHOLAFIN.NS,Cholaman.Inv.&Fn,Financial Services,144468.77,0.2692,0.1649,19.71,7.23,4.01,31.1,0.7509999999999994,34.21422590321974,-326126800000.0,11.733023580748199,0.0,-356255969999.99994,0.06642966581860049,12.516584537275545,0.0028954423592493297,-7.6038656069364166,2.27,Avoid
PNB.NS,Punjab Natl.Bank,Financial Services,143650.3,0.1152,0.1496,15.17,12.22,5.76,8.43,-2.9430000000000014,34.21422590321974,204738700000.0,11.733023580748199,0.0,-40319170000.00007,0.032171814989885326,2.3933572132863743,0.0028954423592493297,1.194531038203405,0.77,Avoid
BRITANNIA.NS,Britannia Inds.,Consumer Defensive,141671.58,0.0721,0.12240000000000001,52.94,0.59,0.94,61.15,3.8069251014955103,57.724831827358436,21058000000.0,22.487298091042586,0.0,4584170000.000003,1.9839249650677995,3.476312067530067,0.0028954423592493297,1.1385761429823797,98.02,Strong Buy
CANBK.NS,Canara Bank,Financial Services,136241.55,0.07429999999999999,0.14550000000000002,17.75,14.05,2.96,7.12,-7.315000000000001,34.21422590321974,9592400000.0,11.733023580748199,0.0,-106957942799.99998,0.04106428193627031,2.3261524553439203,0.0028954423592493297,3.4589441400856478,1.27,Avoid
AMBUJACEM.NS,Ambuja Cements,Basic Materials,135975.2,0.1761,0.1463,8.73,0.02,1.07,23.66,1.000546115498401,126.18462120876957,-64497000000.0,28.425997962396963,0.0,-1176139999.999999,0.41215913292674655,3.476312067530067,0.0028954423592493297,0.5368656462136137,1.74,Avoid
TATAMOTORS.NS,Tata Motors PVeh,Consumer Cyclical,132287.76,-0.0672,0.0649,28.08,0.61,0.9,9.79,1.7344544761144096,26.181139172255097,250600000000.0,7.645681684044855,0.0,247886540000.00006,1.1536517343559352,3.476312067530067,0.024531787620100682,2.267409270571326,3.37,Avoid
TORNTPHARM.NS,Torrent Pharma.,Healthcare,127109.32,0.0911,0.1663,26.52,0.33,1.4,58.67,1.7021126278786234,25.991487284498202,19732400000.0,11.632548333200733,0.0,3948610000.0000014,0.7549997531644979,3.476312067530067,0.0026879321389913628,1.3525755395683454,4.87,Avoid
TATAPOWER.NS,Tata Power Co.,Utilities,125163.42,0.0406,0.0687,10.97,1.86,0.72,30.97,0.7604850360999821,135.3779846494795,-45926500000.0,2.448626816336542,0.0,-56485499999.99995,0.4092123028096062,3.476312067530067,0.0028954423592493297,3.1931981868546964,0.18,Avoid
CIPLA.NS,Cipla,Healthcare,123124.93,0.0693,0.1867,17.77,0.01,3.96,22.63,2.8637423100235075,25.308076368626814,34567800000.0,155.94797819173104,0.0,2096480000.0000002,0.7260644330227801,3.476312067530067,0.013857228112313689,0.9492576604735496,99.68,Strong Buy
HEROMOTOCO.NS,Hero Motocorp,Consumer Cyclical,122759.89,0.0518,0.1041,23.06,0.03,1.89,23.24,3.19388313587943,54.735995448166534,34407600000.0,84.98527954706299,0.0,-323149999.99999994,1.4340271613704954,3.476312067530067,0.0028954423592493297,0.9814798742942756,99.68,Strong Buy
SOLARINDS.NS,Solar Industries,Basic Materials,121743.18,0.3006,0.1773,32.64,0.17,1.88,92.18,2.50327843509944,26.561242705594303,14616100000.0,15.924806866952789,0.0,-1617539999.9999995,0.8909060537541216,3.476312067530067,0.0028954423592493297,2.040250033073158,94.68,Strong Buy
GAIL.NS,GAIL (India),Utilities,121724.29,0.0591,0.0748,13.09,0.25,0.91,13.49,2.179499701559994,20.70024929969296,78053300000.0,22.37120588469607,0.0,-41116570000.0,1.0631831035864932,3.476312067530067,0.00011443791065196549,1.263878937814262,93.65,Strong Buy
PFC.NS,Power Fin.Corpn.,Financial Services,119628.79,0.1563,0.285,21.01,7.88,1.35,4.83,-2.4290000000000003,34.21422590321974,-931098300000.0,11.733023580748199,0.0,-1043378089999.9999,0.03537742771859282,1.1112468844419938,0.0028954423592493297,-4.013314885382464,1.24,Avoid
INDIANB.NS,Indian Bank,Financial Services,119579.0,0.0894,0.1815,17.09,10.65,2.54,10.15,-4.401,34.21422590321974,168564600000.0,11.733023580748199,0.0,-49520799999.99999,0.04016120841203569,3.9114728101960794,0.0028954423592493297,1.5447716861120262,0.77,Avoid
ADANIENSOL.NS,Adani Energy Sol,Utilities,119003.76,0.2298,0.09380000000000001,13.64,1.95,1.33,52.76,0.6660765516155174,11.8286591136907,-6829200000.0,1.342836273631095,0.0,-33789650000.000004,0.3183628740361357,3.476312067530067,0.0028954423592493297,8.203269903865204,0.24,Avoid
UNIONBANK.NS,Union Bank (I),Financial Services,118665.05,0.0351,0.1663,17.05,10.38,2.94,6.42,-3.735000000000001,34.21422590321974,158102100000.0,11.733023580748199,0.0,31019545300.000008,0.03926323638325741,4.019052387339636,0.0028954423592493297,0.9696248796551883,0.77,Avoid
SIEMENS.NS,Siemens,Industrials,118191.13,-0.2192,0.0973,11.81,0.01,2.54,70.04,1.7021126278786234,40.07094903014124,-57000000.0,152.11920529801324,0.0,6199999.999999998,0.8686790867068217,3.476312067530067,0.0028954423592493297,0.17807242657542058,4.9,Avoid
GODREJCP.NS,Godrej Consumer,Consumer Defensive,118020.39,0.057699999999999994,0.1303,15.21,0.34,0.99,62.69,1.9097067509747783,12.610393519880517,19774100000.0,9.588248529459033,0.0,-8993080000.000002,0.7261571011077284,3.476312067530067,0.0028954423592493297,1.3911083517788696,94.79,Strong Buy
MOTHERSON.NS,Samvardh. Mothe.,Consumer Cyclical,117966.41,0.073,0.0356,12.16,0.53,1.09,35.23,1.7021126278786234,71.26685277219579,17252000000.0,4.307329645461403,0.0,-15405599999.999975,1.212107406462008,3.476312067530067,0.001849105525191286,1.6529581909019195,5.27,Avoid
TATACONSUM.NS,Tata Consumer,Consumer Defensive,117305.62,0.1534,0.0722,7.01,0.13,1.54,88.04,1.209255964106823,114.71375312018499,15971100000.0,7.121812543073743,0.0,-4819189999.999997,0.5475197074959784,3.476312067530067,0.0028954423592493297,1.6086806886356348,0.76,Avoid
LODHA.NS,Lodha Developers,Real Estate,116259.69,0.2557,0.20079999999999998,14.69,0.45,1.83,34.92,1.269735150603706,11.726613247235647,10914000000.0,6.58338567839196,0.0,14690800000.0,0.27427639314133456,3.476312067530067,0.0028954423592493297,0.5663639981188727,0.77,Avoid
POLYCAB.NS,Polycab India,Industrials,113496.18,0.22190000000000001,0.0873,21.44,0.02,1.94,46.1,3.6659165368716833,52.57885863733966,8388000000.0,20.296022690738663,0.0,-4859533999.999997,1.5996399698651016,3.476312067530067,0.0028954423592493297,0.8953182936549191,99.18,Strong Buy
MAXHEALTH.NS,Max Healthcare,Healthcare,113150.15,0.32170000000000004,0.161,12.72,0.33,0.79,80.3,1.06031738884472,41.46833065047006,4937800000.0,10.454588235294118,0.0,-6001320000.000003,0.45419626566271076,3.476312067530067,0.0028954423592493297,1.3563873294419453,1.18,Avoid
SIEMENS.NS,Siemens Ener.Ind,Industrials,110869.14,0.6444,0.1406,28.96,0.03,1.97,100.78,1.7021126278786234,40.07094903014124,-57000000.0,152.11920529801324,0.0,6199999.999999998,0.8686790867068217,3.476312067530067,0.0028954423592493297,0.17807242657542058,5.54,Avoid
ABBOTINDIA.NS,A B B,Healthcare,110366.84,0.1235,0.1539,28.82,0.01,2.01,62.46,3.5844401031022475,29.9829833470804,9592400000.0,166.08748906386703,0.0,-105000000.00000016,1.0827504389663547,3.476312067530067,0.0028954423592493297,0.7153643844913888,99.68,Strong Buy
IDBI.NS,IDBI Bank,Financial Services,109566.61,0.0463,0.2648,13.55,4.81,2.45,11.8,0.9950000000000006,34.21422590321974,254460294000.0,11.733023580748199,0.0,-28405988299.99999,0.04357237871201421,1.1309000540412855,0.0028954423592493297,3.380522964216557,0.27,Avoid
CGPOWER.NS,CG Power & Ind,Industrials,108480.24,0.2563,0.0956,27.66,0.02,1.72,101.53,2.588509247628142,173.86787088977852,5171000000.0,191.12270803949224,0.0,976899999.9999998,1.3232610720945064,3.476312067530067,0.0028954423592493297,0.9690334496203571,98.18,Strong Buy
BOSCHLTD.NS,Bosch,Consumer Cyclical,107641.4,0.10550000000000001,0.11130000000000001,15.55,0.01,1.78,47.39,2.466756270050724,31.85385468808343,20580000000.0,294.7956989247312,0.0,-122300000.0,0.8735691242076764,3.476312067530067,0.0028954423592493297,1.177749106788408,99.18,Strong Buy
INDUSTOWER.NS,Indus Towers,Communication Services,107043.67,0.078,0.3212,32.5,0.58,1.46,11.44,1.9198301292014914,7.121532068714648,128610000000.0,8.192923935035818,0.0,-5635500000.000015,0.476851426780349,3.476312067530067,0.0028954423592493297,1.978009806981685,91.91,Strong Buy
JINDALSTEL.NS,Jindal Steel,Basic Materials,106344.38,-0.022099999999999998,0.071,7.68,0.39,0.99,29.56,1.4512151388796515,19.714218162444382,2168700000.0,4.15880761566768,0.0,-18139150000.000004,0.48093060328844445,3.476312067530067,0.0,3.8490254717954007,0.68,Avoid
APOLLOHOSP.NS,Apollo Hospitals,Healthcare,106318.85,0.1366,0.0666,18.42,0.88,1.64,63.59,1.8472078275697135,51.64852075413024,4237000000.0,5.826272189349113,0.0,-5053499999.999997,1.0445360984441412,3.476312067530067,0.0028954423592493297,1.4775572307905112,93.86,Strong Buy
MCDOWELL-N.NS,United Spirits,Unknown,106182.84,0.11130000000000001,0.1245,19.74,0.05,1.97,61.94,5.894,34.21422590321974,9592400000.0,11.733023580748199,0.0,-3523520000.0000033,0.6606824965940559,3.476312067530067,0.0028954423592493297,1.1965874269181191,97.6,Strong Buy
DRREDDY.NS,Dr Reddy's Labs,Healthcare,104173.37,0.1404,0.1721,17.96,0.16,1.85,18.05,2.3814573910344805,20.138886473906894,12030000000.0,28.141746200070695,0.0,-4531100000.000004,0.6603291351328325,2.9650156659865927,0.08410769963291198,0.8210950764006791,99.6,Strong Buy
INDHOTEL.NS,Indian Hotels Co,Consumer Cyclical,104138.5,0.2477,0.213,16.12,0.28,2.01,61.71,1.3301497982498045,7.905426973448936,10775200000.0,13.403415924945875,0.0,2814020000.000001,0.4542031063159423,3.476312067530067,0.0028954423592493297,1.1503362881961008,1.31,Avoid
PERSISTENT.NS,Persistent Systems,Technology,101183.92,0.2327,0.1137,24.08,0.06,2.45,60.77,2.939630629823263,192.7447681206548,9202250000.0,28.146359993445454,0.0,1008376000.0000005,1.3665172111537185,3.476312067530067,0.0028954423592493297,0.8262735499703249,99.68,Strong Buy
BHEL.NS,B H E L,Industrials,100893.2,0.133,0.0184,2.12,0.45,1.45,180.64,0.6081574700981114,127.6058242809734,19103500000.0,1.9964584029401937,0.0,-15956959999.999989,0.401790427532909,3.476312067530067,0.0009987143198159616,4.1054317287881625,0.18,Avoid
HPCL.NS,H P C L,Unknown,99177.05,-0.0181,0.0155,13.76,1.11,0.59,7.12,2.856,34.21422590321974,9592400000.0,11.733023580748199,0.0,-3523520000.0000033,0.6606824965940559,3.476312067530067,0.0028954423592493297,1.1965874269181191,91.4,Strong Buy
POWERINDIA.NS,Hitachi Energy,Industrials,98935.72,0.1649,0.0602,13.79,0.02,1.71,137.94,1.5868432407618438,45.992794771361375,13646800000.0,12.41445623342175,0.0,425280000.0000003,0.7226121867061713,3.476312067530067,0.0028954423592493297,3.8902286577425906,3.04,Avoid
SHREECEM.NS,Shree Cement,Basic Materials,97191.03,0.0189,0.057999999999999996,5.29,0.1,2.11,56.54,1.672447263117212,16.60246303999494,8156100000.0,7.51941144305811,0.0,4318390000.0,0.666032916183486,3.476312067530067,0.0028954423592493297,4.382313385644433,0.82,Avoid
MARICO.NS,Marico,Consumer Defensive,95331.05,0.2256,0.1517,41.34,0.14,1.9,57.22,3.137000685084458,61.17434756008938,12020000000.0,61.457142857142856,0.0,-144999999.9999999,1.2872391460781962,3.476312067530067,0.0028954423592493297,0.8367096378146102,99.68,Strong Buy
ZYDUSLIFE.NS,Zydus Lifesci.,Healthcare,94743.38,0.1401,0.20629999999999998,21.21,0.38,1.94,18.84,2.33220846098433,19.646641217137713,50641000000.0,65.4566844919786,0.0,3413799999.9999986,0.6067948507729486,3.476312067530067,0.008390257732415455,1.4974477958236658,98.34,Strong Buy
LUPIN.NS,Lupin,Healthcare,94541.84,0.1549,0.1441,20.62,0.32,1.87,21.86,2.2406460464524947,8.499196829461624,13175100000.0,15.841237570694563,0.0,-2248420000.0000005,0.7598767740185887,3.476312067530067,0.0028954423592493297,0.9141643456585467,95.63,Strong Buy
WAAREEENER.NS,Waaree Energies,Technology,94520.2,0.5589999999999999,0.133,27.42,0.26,1.49,34.98,1.6976718952777885,17.223423220676256,-1158900000.0,29.84534922955798,0.0,-3399671999.999998,0.7279704953264686,3.476312067530067,0.0028954423592493297,1.691242857678364,2.43,Avoid
RECLTD.NS,REC Ltd,Financial Services,93888.14,0.1558,0.2818,21.51,6.18,1.32,5.44,-0.7089999999999996,34.21422590321974,-391469600000.0,11.733023580748199,0.0,-554377499999.9998,0.03563862454242,0.8846729800269926,0.0028954423592493297,-2.459299569447181,0.24,Avoid
MANKIND.NS,Mankind Pharma,Healthcare,93181.91,0.2361,0.1439,14.68,0.55,1.14,53.29,1.446716776738426,36.530112757814294,18826200000.0,6.978592981539119,0.0,-22951924099.999996,0.43975672498777896,3.476312067530067,0.0028954423592493297,1.2121690038976172,1.24,Avoid
DABUR.NS,Dabur India,Consumer Defensive,91824.51,0.0268,0.138,17.04,0.12,1.83,50.76,2.2623818593462044,126.4794072120228,14172100000.0,16.37129825039145,0.0,48760000.00000033,0.7639105535389976,3.476312067530067,0.0028954423592493297,1.1239625939817721,97.68,Strong Buy
ABCAPITAL.NS,Aditya Birla Cap,Financial Services,91476.6,0.0808,0.0827,11.49,4.86,0.46,28.04,-1.2510000000000003,16.713980832884374,-283922800000.0,1.4986254656428188,0.0,-269552660000.00003,0.15462186132670885,3.476312067530067,0.0028954423592493297,-8.382937412973543,0.18,Avoid
HAVELLS.NS,Havells India,Industrials,90287.0,0.0726,0.068,18.81,0.03,1.75,61.72,3.1461445985067082,70.73069410836447,7493400000.0,47.03353376503238,0.0,813519999.9999999,1.5641566149458956,3.476312067530067,0.0028954423592493297,1.029227174547974,99.68,Strong Buy
ICICIPRULI.NS,ICICI Pru Life,Financial Services,89962.92,-0.4213,0.0169,10.43,0.2,1.23,68.83,4.0729999999999995,214.11395380302974,9592400000.0,10.129224652087474,0.0,-4200000000.000004,0.22239815014415482,3.476312067530067,0.0028954423592493297,1.1965874269181191,5.62,Avoid
DIXON.NS,Dixon Technolog.,Technology,89901.99,0.7556,0.022400000000000003,32.85,0.34,1.01,69.54,2.873021607577675,141.13306826687887,2104000000.0,11.891556233955457,0.0,-48069999.99999951,2.3017587659473713,3.476312067530067,0.0028954423592493297,1.0494824470124322,95.52,Strong Buy
BHARTIHEXA.NS,Bharti Hexacom,Communication Services,88832.55,0.188,0.1555,25.15,1.06,0.31,55.35,0.9434838555845835,9.062772903309765,30905000000.0,3.9956939383901955,0.0,7007800000.0000105,0.4440236870811906,3.476312067530067,0.0028954423592493297,3.0681574718800215,1.24,Avoid
ASHOKLEY.NS,Ashok Leyland,Industrials,87509.06,0.09609999999999999,0.0687,28.82,4.33,1.35,26.18,1.157779926208408,19.721533405374757,-15196100000.0,2.1694871266420876,0.0,-87092520000.00005,0.5915931964608987,3.476312067530067,0.0032834965048852173,0.04135122956096305,0.74,Avoid
BAJAJHFL.NS,Bajaj Housing,Financial Services,87497.85,0.20629999999999998,0.2261,13.46,4.44,0.79,37.06,0.08256223826899113,45.859990968703144,-171158700000.0,755.8310626702997,0.0,-137122729999.9999,0.08928675817962965,3.476312067530067,0.0028954423592493297,-7.894433399602386,2.74,Avoid
NAUKRI.NS,Info Edg.(India),Communication Services,86962.77,0.15259999999999999,0.1809,1.16,0.01,3.2,66.01,0.8648800760609019,0.23296459432990174,7927660000.0,81.25004126774513,0.0,-748571000.0,0.0666228928154686,3.476312067530067,0.0028954423592493297,0.9102989169975263,0.26,Avoid
JSWENERGY.NS,JSW Energy,Utilities,85124.29,0.3971,0.1545,7.41,2.37,0.77,42.06,0.4710490662509259,19.108345978313448,-28700900000.0,2.0104287898496156,0.0,-130250009999.99994,0.1299642268569201,3.476312067530067,0.0028954423592493297,1.9675532705585657,0.68,Avoid
SBICARDS.NS,SBI Cards,Unknown,83546.0,0.07780000000000001,0.106,14.82,3.33,0.83,43.56,0.9819999999999998,34.21422590321974,9592400000.0,11.733023580748199,0.0,-3523520000.0000033,0.6606824965940559,3.476312067530067,0.0028954423592493297,1.1965874269181191,2.79,Avoid
SRF.NS,SRF,Industrials,83270.08,0.1297,0.0851,10.37,0.35,1.11,51.48,1.7256110769737287,27.07725619684958,12560400000.0,5.907676796773729,0.0,-3765529999.9999943,0.6660514020425734,3.476312067530067,0.0028954423592493297,1.9887510193639168,0.72,Avoid
POLICYBZR.NS,PB Fintech.,Financial Services,82553.24,0.3922,0.0634,5.13,0.05,4.11,178.83,0.9693632257269263,3.339168128451088,-2802600000.0,12.457877623411173,0.0,-515320899.99999994,0.6610358580552792,3.476312067530067,0.0028954423592493297,-0.5187955015438657,0.32,Avoid
NTPC.NS,NTPC Green Ene.,Utilities,79670.94,0.1882,0.2146,3.85,1.16,0.23,131.28,0.7476118951940286,89.62876999128464,91525900000.0,3.2623991120751117,0.0,-132386590000.00003,0.3553201676595514,3.476312067530067,0.0028954423592493297,2.15331566368349,0.18,Avoid
NHPC.NS,NHPC Ltd,Utilities,77808.93,0.1573,0.3226,7.53,1.09,1.22,24.54,0.566225389468441,19.100130129540343,-38252200000.0,2.3544108286499483,0.0,-51472249999.99998,0.10103312588486829,3.476312067530067,0.0028954423592493297,1.6716799648780878,0.68,Avoid
LTF.NS,L&T Finance Ltd,Financial Services,76981.15,0.11380000000000001,0.166,10.79,3.72,3.21,28.53,2.5689999999999995,34.21422590321974,-167817800000.0,11.733023580748199,0.0,-16062780000.000051,0.08030256119623923,78.80984595321542,0.0028954423592493297,-6.274067013156003,9.63,Avoid
GET&D.NS,GE Vernova T&D,Unknown,76405.32,0.3342,0.1417,40.35,0.01,1.28,83.06,7.305000000000001,34.21422590321974,9592400000.0,11.733023580748199,0.0,-3523520000.0000033,0.6606824965940559,3.476312067530067,0.0028954423592493297,1.1965874269181191,99.05,Strong Buy
UNOMINDA.NS,Uno Minda,Consumer Cyclical,76240.32,0.1714,0.0603,17.5,0.46,1.33,69.72,2.3826959908389673,122.66784488123952,-5842400000.0,8.981186243967992,0.0,-4885160000.0,1.4119533460666294,3.476312067530067,0.0031246117605055346,1.1362956678508935,98.02,Strong Buy
IOB.NS,I O B,Financial Services,76082.45,0.1447,0.1185,11.02,11.07,3.05,17.85,-4.918000000000001,34.21422590321974,22362734000.0,11.733023580748199,0.0,-114216473699.99998,0.041813283660180424,1.0303089391789195,0.0028954423592493297,0.8362668254491963,0.7,Avoid
NYKAA.NS,FSN E-Commerce,Consumer Cyclical,75748.6,0.24760000000000001,0.0091,5.16,1.01,1.16,723.0,2.346990438350326,296.3389848822575,3394100000.0,2.21207798383262,0.0,-2354888000.0,1.9813143763208219,3.476312067530067,0.0028954423592493297,7.06159200968523,12.05,Avoid
SUZLON.NS,Suzlon Energy,Industrials,75597.08,0.7467,0.19079999999999997,41.44,0.05,1.61,23.83,-0.20819396473721985,4.580934630964585,7213500000.0,14.688777441332324,0.0,18962979999.999996,0.8305332190293057,3.476312067530067,0.0005119214521102591,0.5271018473376037,3.54,Avoid
YESBANK.NS,Yes Bank,Financial Services,71943.76,0.0181,0.0795,5.46,7.29,4.28,25.36,-0.4639999999999995,34.21422590321974,56446650000.0,11.733023580748199,0.0,-24607418699.999886,0.03968245495727813,2.0299222074855185,0.0028954423592493297,2.610430376940441,0.7,Avoid
PRESTIGE.NS,Prestige Estates,Real Estate,71854.55,-0.0252,0.0834,3.48,0.92,1.21,93.87,0.5734630702839041,13.76390820482673,-14522000000.0,1.607605112951202,0.0,-21827799999.99998,0.12254741883691185,3.476312067530067,0.0028954423592493297,0.279572192513369,0.68,Avoid
AUROPHARMA.NS,Aurobindo Pharma,Healthcare,71317.11,0.0733,0.1091,11.08,0.22,1.85,20.84,2.145961731629316,36.14451805214228,14050700000.0,12.504098639841958,0.0,-16313149999.999996,0.6302731527205901,3.476312067530067,0.003030773344364371,1.1258620491812685,9.36,Avoid
AUBANK.NS,AU Small Finance,Financial Services,71261.78,0.3042,0.1313,14.19,7.87,2.3,32.78,-2.151,34.21422590321974,51980504000.0,11.733023580748199,0.0,-16188091400.000002,0.06678358901943676,6.607234732361397,0.0028954423592493297,2.593828198950524,0.77,Avoid
FORTIS.NS,Fortis Health.,Healthcare,70449.18,0.1533,0.1128,10.13,0.34,0.96,69.94,0.8991681744460049,38.72621967589456,5769941000.0,7.5043852482045965,0.0,-3889831199.9999986,0.5641366435732604,3.476312067530067,0.0028954423592493297,1.839193934709626,0.18,Avoid
ALKEM.NS,Alkem Lab,Healthcare,69055.77,0.0932,0.17059999999999997,19.39,0.18,2.49,29.38,2.4741789341609133,29.138802741559015,12372200000.0,29.96641448876662,0.0,3840139999.9999995,0.7237887977570643,3.476312067530067,0.0028954423592493297,0.8833330254724125,99.18,Strong Buy
IDFCFIRSTB.NS,IDFC First Bank,Financial Services,69053.97,0.1326,0.0406,4.21,6.85,1.7,48.05,-2.728999999999999,34.21422590321974,135456100000.0,11.733023580748199,0.0,72792789899.99998,0.07676891259000862,3.7160559685053998,0.0028954423592493297,9.70583420002013,0.7,Avoid
OIL.NS,Oil India,Energy,68838.08,-0.0194,0.2205,13.26,0.64,1.56,11.52,0.9493473211511929,23.11180781826494,-16369500000.0,10.765124076412029,0.0,-46982880000.00001,0.3112620299341268,3.476312067530067,0.0028954423592493297,1.7298368323276236,0.27,Avoid
BHARATFORG.NS,Bharat Forge,Consumer Cyclical,68474.97,-0.0352,0.0611,11.58,0.71,1.1,63.35,1.5494009476598694,37.753090626276006,3458840000.0,4.690107750918202,0.0,-2814191999.999995,0.7233011161062192,3.476312067530067,0.0028954423592493297,1.9086620347594918,0.27,Avoid
COROMANDEL.NS,Coromandel Inter,Basic Materials,67799.35,0.32880000000000004,0.07139999999999999,16.89,0.12,1.53,31.87,2.3816506244989895,99.03495359748733,16129700000.0,11.833498828295667,0.0,-1255800000.0000002,0.8419780194234668,3.476312067530067,0.0028954423592493297,1.1921885736960793,98.68,Strong Buy
BANKINDIA.NS,Bank of India,Financial Services,67794.09,0.1166,0.1311,12.35,11.67,3.28,6.77,-5.155,34.21422590321974,178113976000.0,11.733023580748199,0.0,-216021311900.0,0.03208684989569684,0.6739895180910858,0.0028954423592493297,1.941129416223532,1.2,Avoid
RVNL.NS,Rail Vikas,Industrials,67481.7,-0.0151,0.0643,14.01,0.52,2.12,59.43,1.7021126278786234,149.5285424126398,14464400000.0,4.05832962633452,0.0,4081199999.999999,0.9727229673318133,3.476312067530067,0.0028954423592493297,1.465744230874285,5.91,Avoid
BERGEPAINT.NS,Berger Paints,Basic Materials,67067.6,0.039,0.1014,20.26,0.11,1.97,60.67,3.033821131093807,87.72950116948684,8396100000.0,25.790105895369052,0.0,1465459999.9999998,1.2547012365796286,3.476312067530067,0.0028954423592493297,1.0751016604540833,99.68,Strong Buy
ATGL.NS,Adani Total Gas,Utilities,66620.99,0.1661,0.131,16.82,0.45,0.61,106.47,1.7176104328615103,34.91530250252285,229500000.0,11.071724614321898,0.0,-2531980000.0000005,0.648385914144175,3.476312067530067,0.0028954423592493297,1.4728839718219464,3.29,Avoid
TORNTPOWER.NS,Torrent Power,Utilities,66298.24,-0.0126,0.09910000000000001,19.03,0.55,1.27,22.17,1.5850349878807464,32.13403666086798,4747000000.0,4.199311464122363,0.0,-181719999.99999717,0.7885787422436756,3.476312067530067,0.0028954423592493297,1.6077998996151917,2.87,Avoid
LLOYDSME.NS,Lloyds Metals,Basic Materials,65562.31,0.2164,0.21559999999999999,31.45,1.06,1.03,36.32,1.8677880499249984,5.5988643942079594,-24935000000.0,75.00897736143638,0.0,-2819870000.0000005,0.7038420286930943,3.476312067530067,0.0028954423592493297,0.8313090976805777,95.79,Strong Buy
MRF.NS,MRF,Consumer Cyclical,65536.85,0.0956,0.0664,10.62,0.19,1.58,35.36,1.4424033523423059,31.303503837409913,5596300000.0,8.00618941299494,0.0,-1434520000.0000021,0.9461558312158255,3.476312067530067,0.0018512971233580863,0.99920290591615,3.4,Avoid
NMDC.NS,NMDC,Basic Materials,65341.37,0.2005,0.2728,23.6,0.11,2.87,9.3,1.8706551980429413,17.567451529238202,-13360600000.0,52.46268572714993,0.0,-4950100000.000001,0.5828480489127678,3.476312067530067,0.0028954423592493297,0.289557595712613,94.27,Strong Buy
UPL.NS,UPL,Basic Materials,64142.4,0.0814,0.0174,3.29,0.94,1.25,27.04,1.1612111855393283,17.387067496798423,84560000000.0,1.2564975247524752,0.0,-984999999.9999834,0.5256925978955024,3.476312067530067,0.002334529419393887,11.316610925306577,0.18,Avoid
GODREJPROP.NS,Godrej Propert.,Real Estate,63726.63,0.1886,0.247,8.98,0.89,1.33,41.12,0.6283813006158385,25.028728044977456,-24539100000.0,-282.3256578947368,0.0,-26584039999.999996,0.08652059874314709,3.476312067530067,0.0028954423592493297,-1.6018258577459659,0.68,Avoid
ABBOTINDIA.NS,Abbott India,Healthcare,63655.92,0.1069,0.2208,35.68,0.05,2.75,42.19,3.5844384389757984,29.9829833470804,9592400000.0,166.08748906386703,0.0,-105000000.00000016,1.0827504389663547,3.476312067530067,0.0028954423592493297,0.7153643844913888,99.68,Strong Buy
FEDERALBNK.NS,Federal Bank,Financial Services,63111.25,0.0987,0.1506,12.86,8.71,2.82,16.0,-2.604000000000001,34.21422590321974,80462648000.0,11.733023580748199,0.0,-28721978600.000015,0.039560764383077054,1.9652792981258962,0.0028954423592493297,2.1161925984368066,0.27,Avoid
JSL.NS,Jindal Stain.,Basic Materials,62939.0,0.0904,0.0636,16.15,0.38,1.15,22.81,2.0335835040985586,45.37108141288974,28329000000.0,7.220466866628165,0.0,-9277949999.999996,1.0838670780089081,3.476312067530067,0.0028954423592493297,1.8834264729362926,93.79,Strong Buy
COFORGE.NS,Coforge,Technology,62662.5,0.4307,0.0765,15.98,0.14,1.57,55.02,1.9012426272594118,96.20881722341186,6227000000.0,11.023975251353441,0.0,-1906200000.0000002,0.9647737917010256,3.476312067530067,0.0028954423592493297,1.5233345647087797,96.02,Strong Buy
PHOENIXLTD.NS,Phoenix Mills,Real Estate,62639.44,-0.0132,0.32520000000000004,9.36,0.46,1.27,58.55,0.9821579785608915,6.799227328333501,-5337286000.0,4.955956270248298,0.0,-2495360599.999997,0.1727412951079509,3.476312067530067,0.0028954423592493297,2.116952950933917,0.18,Avoid
PATANJALI.NS,Patanjali Foods,Consumer Defensive,61821.55,0.18969999999999998,0.0381,12.06,0.24,2.1,43.34,3.5002900115935187,91.95090828380967,527955000.0,25.429537793294624,0.0,9130808199.999998,2.2000233766720534,3.476312067530067,0.0028954423592493297,0.15153388958492092,85.52,Strong Buy
SCHAEFFLER.NS,Schaeffler India,Consumer Cyclical,60873.65,0.12560000000000002,0.121,19.17,0.01,2.56,54.47,3.2434984330377237,101.12997352685667,958500000.0,371.3623188405797,0.0,21790000.000000034,1.1789458543757592,3.476312067530067,0.0028954423592493297,0.8945636197090088,99.18,Strong Buy
OBEROIRLTY.NS,Oberoi Realty,Real Estate,60391.22,0.046,0.40990000000000004,14.67,0.18,4.29,27.04,2.060345403139315,31.525687907214305,14702674000.0,12.42808224626925,0.0,114068800.00000235,0.2324448094264799,3.476312067530067,0.0028954423592493297,0.9717197427272634,91.27,Strong Buy
MFSL.NS,Max Financial,Financial Services,59902.57,-0.16219999999999998,0.0088,7.26,0.34,0.98,366.8,3.3659999999999997,289.3195126694871,81337166000.0,14.55009708445595,0.0,-2005121699.999999,0.2441912512291907,3.476312067530067,0.0028954423592493297,25.522865548527157,5.87,Avoid
COLPAL.NS,Colgate-Palmoliv,Consumer Defensive,59434.35,-0.0206,0.2378,81.19,0.04,1.29,44.83,4.876618889716916,39.41649238245451,13230400000.0,447.72222222222223,0.0,63852300.0,1.987444302728131,3.476312067530067,0.0028954423592493297,0.9705249824263472,99.64,Strong Buy
MOTILOSWALFIN.NS,Motil.Oswal.Fin.,Unknown,57681.45,-0.1462,0.3007,25.25,1.22,1.63,28.5,4.935,34.21422590321974,9592400000.0,11.733023580748199,0.0,-3523520000.0000033,0.6606824965940559,3.476312067530067,0.0028954423592493297,1.1965874269181191,97.96,Strong Buy
JSWINFRA.NS,JSW Infrast,Industrials,56658.14,0.22399999999999998,0.32549999999999996,16.24,0.52,2.93,35.75,1.370700277252905,12.683861392087385,248700000.0,7.153667611018193,0.0,-1096746999.9999983,0.2641298780930845,3.476312067530067,0.0028954423592493297,1.3974239561433857,1.27,Avoid
FACT.NS,F A C T,Basic Materials,56576.42,0.11109999999999999,0.0054,1.61,2.79,0.91,623.71,0.7250665650118566,12.255015663393406,-133661000.0,1.2215048560296338,0.0,130323700.00000101,0.40786858665093073,3.476312067530067,0.0028954423592493297,3.394812281722934,0.18,Avoid
SAIL.NS,S A I L,Basic Materials,56555.16,0.0645,0.025699999999999997,4.54,0.58,0.85,20.32,1.3484431505247678,16.882893254348325,36931500000.0,2.178325390929352,0.0,-64498529999.999985,0.7460552812791347,3.476312067530067,0.0028954423592493297,4.1800389574251,0.27,Avoid
TIINDIA.NS,Tube Investments,Industrials,55707.34,0.1432,0.0546,12.77,0.09,1.79,88.88,2.2687715134207727,105.239012241001,4600000.0,27.79850867239423,0.0,-7657390000.000001,1.1848265649742429,3.476312067530067,0.004413924507035105,1.8010865209066216,92.4,Strong Buy
IRCTC.NS,I R C T C,Industrials,55059.68,0.07730000000000001,0.27399999999999997,37.16,0.02,2.11,41.17,2.6407258402137916,18.74831282403573,7857361000.0,105.03500618661678,0.0,69186699.99999997,0.6874477044983636,3.476312067530067,0.0028954423592493297,0.6337851869298579,99.14,Strong Buy
NAM-INDIA.NS,Nippon Life Ind.,Financial Services,54714.48,0.2293,0.5108,31.39,0.02,2.05,40.99,3.006113206863917,17.91604448003017,6585300000.0,252.38278931750742,0.0,-145169999.99999994,0.4776494923064405,3.476312067530067,0.0028954423592493297,0.932477708937414,96.01,Strong Buy
GLENMARK.NS,Glenmark Pharma.,Healthcare,54220.68,0.30269999999999997,0.0989,15.79,0.13,1.65,21.57,2.165706987952873,20.527441956404036,-15771640000.0,7.757341897471808,0.0,7845012999.999998,0.8190779631633377,3.476312067530067,0.0028954423592493297,-0.7903709016452153,95.68,Strong Buy
BIOCON.NS,Biocon,Healthcare,53284.86,0.10619999999999999,0.09119999999999999,4.76,0.62,1.16,112.3,0.9029839133317343,31.275543675004602,17179000000.0,3.1252675453418948,0.0,-37904099999.999985,0.25600155109163175,3.476312067530067,0.04212673230491224,4.007894996545939,0.68,Avoid
MPHASIS.NS,Mphasis,Technology,53251.97,0.0873,0.11800000000000001,18.22,0.21,1.21,29.83,2.390035683021158,392.64500921918204,18433630000.0,14.656370656370656,0.0,-3244692000.000001,0.9546079801140821,3.476312067530067,0.0028954423592493297,1.1192987176722935,99.64,Strong Buy
LAURUSLABS.NS,Laurus Labs,Healthcare,53131.4,0.2583,0.0576,7.45,0.46,1.32,77.68,1.4799285193995892,14.004609413603905,-393500000.0,3.344208335350211,0.0,-3523520000.0000033,0.5899864710992473,3.476312067530067,0.010040197100144158,1.679085733422639,1.68,Avoid
TATACOMM.NS,Tata Comm,Communication Services,52741.95,0.0574,0.0574,55.18,4.68,0.46,52.85,0.9588945761311681,45.19455042917522,7052200000.0,3.8387787013414534,0.0,-12393869999.999994,0.8647366255174992,3.476312067530067,0.0028954423592493297,1.585097693262759,2.37,Avoid
SUNDARMFIN.NS,Sundaram Finance,Financial Services,52613.56,0.1461,0.21780000000000002,15.27,4.35,2.1,26.68,1.2770000000000001,34.21422590321974,-90426200000.0,11.733023580748199,0.0,-75468579999.99995,0.05593730118413782,18.51388278710131,0.0028954423592493297,-4.780812369642021,2.77,Avoid
PIIND.NS,P I Industries,Basic Materials,52008.37,-0.059000000000000004,0.2084,17.61,0.02,4.05,34.39,2.6105531676315232,29.990883546619674,5630000000.0,65.9090909090909,0.0,252500000.00000012,0.6437723492469475,3.476312067530067,0.0028954423592493297,0.8511022768341163,98.6,Strong Buy
KALYANKJIL.NS,Kalyan Jewellers,Consumer Cyclical,51385.3,0.3394,0.0286,15.95,1.0,1.29,55.19,2.3213773630583896,251.5432199021459,7445790000.0,3.8010105344273493,0.0,-2989568000.000001,1.6491869433612247,3.476312067530067,0.0028954423592493297,1.691947397873531,92.52,Strong Buy
LINDE.NS,Linde India,Unknown,50515.5,-0.08039999999999999,0.1789,12.33,0.02,0.88,99.84,4.093,34.21422590321974,9592400000.0,11.733023580748199,0.0,-3523520000.0000033,0.6606824965940559,3.476312067530067,0.0028954423592493297,1.1965874269181191,90.07,Strong Buy
M&MFIN.NS,M & M Fin. Serv.,Financial Services,48661.9,0.1479,0.1219,10.9,4.9,2.73,19.72,0.9199999999999999,34.21422590321974,-160437700000.0,11.733023580748199,0.0,-179158479999.9999,0.06290873768244129,4.90113371574389,0.0028954423592493297,-6.897779271134062,1.7,Avoid
APLAPOLLO.NS,APL Apollo Tubes,Basic Materials,48063.49,0.1405,0.0358,18.95,0.16,1.28,45.83,3.872159050623685,159.4246600381751,4907800000.0,8.100015006002401,0.0,-430869999.9999994,2.632395764220193,3.476312067530067,0.0028954423592493297,1.602620664148152,98.14,Strong Buy
HUDCO.NS,H U D C O,Financial Services,47902.27,0.33899999999999997,0.2619,15.67,7.03,0.99,17.09,-2.4730000000000008,34.21422590321974,-316244100000.0,11.733023580748199,0.0,-148512599999.99997,0.027997445827932697,5.586691513316251,0.0028954423592493297,-11.66520371778498,1.74,Avoid
360ONE.NS,360 ONE,Financial Services,46562.93,0.15039999999999998,0.29350000000000004,20.57,1.47,2.94,41.34,0.7304996457733273,20.576781196819365,-24661100000.0,2.5331253984154447,0.0,-18934110000.0,0.1333071977418849,3.476312067530067,0.0028954423592493297,-2.3745395449620803,1.77,Avoid
MAHABANK.NS,Bank of Maha,Financial Services,46126.35,0.2089,0.22210000000000002,22.81,10.66,3.26,7.58,-3.1190000000000007,34.21422590321974,71084361000.0,11.733023580748199,0.0,-47270516599.999985,0.03725221578297177,2.401693275863396,0.0028954423592493297,1.3764256077581472,1.27,Avoid
VOLTAS.NS,Voltas,Consumer Cyclical,45866.66,-0.0146,0.053399999999999996,13.47,0.28,1.47,83.71,2.1519843700262022,35.95507526488516,-4322900000.0,20.171630977298342,0.0,-1686470000.0000002,1.1648742930743718,3.476312067530067,0.0028954423592493297,-0.26636319336320524,95.59,Strong Buy
JKCEMENT.NS,J K Cements,Basic Materials,45761.78,0.1293,0.0677,13.87,1.0,1.24,44.22,1.3837113643697205,35.6173507415655,2195900000.0,3.7565174946196,0.0,-5998689300.000004,0.6889893325260542,3.476312067530067,0.0028954423592493297,2.252171590486808,1.33,Avoid
AIIL.NS,Authum Invest,Financial Services,45569.1,-0.0036,0.9299,34.14,0.17,1.95,11.34,1.4346373415536866,0.21425873074966043,2532200000.0,80.7327974906881,0.0,-781207899.9999993,0.17683879702276686,3.476312067530067,0.0028954423592493297,0.07679521668501749,2.86,Avoid
LTTS.NS,L&T Technology,Technology,45305.66,0.14880000000000002,0.1182,22.16,0.1,2.3,35.45,2.9102988948661617,62.7299252634079,13695000000.0,31.808849557522123,0.0,-506100000.0,1.1064551252138746,3.476312067530067,0.0028954423592493297,1.1692587037183233,99.68,Strong Buy
GODFRYPHLP.NS,Godfrey Phillips,Consumer Defensive,45186.38,0.2981,0.1684,19.93,0.03,2.23,35.52,2.616924924297536,36.273443359966365,-605003000.0,120.45468423916132,0.0,484674600.00000024,0.8004629993540858,3.476312067530067,0.001507764629318907,0.10004330091392725,97.18,Strong Buy
UBL.NS,United Breweries,Consumer Defensive,44975.34,0.0808,0.051699999999999996,10.77,0.18,1.34,118.33,2.0517044407993055,72.94898517660813,-232500000.0,51.091887417218544,0.0,-1917130000.0000002,1.0450321606170168,3.476312067530067,0.0028954423592493297,0.532160565102221,13.69,Avoid
BALKRISHNAINDS.NS,Balkrishna Inds,Unknown,44743.39,0.037200000000000004,0.14529999999999998,15.78,0.35,1.02,32.43,4.247999999999999,34.21422590321974,9592400000.0,11.733023580748199,0.0,-3523520000.0000033,0.6606824965940559,3.476312067530067,0.0028954423592493297,1.1965874269181191,98.4,Strong Buy
PREMIERENE.NS,Premier Energies,Technology,44569.75,0.3918,0.1425,53.55,0.47,1.79,37.32,2.299278459566562,11.38614004290226,7278290000.0,12.099278527695228,0.0,-5135604000.000001,0.9516675090865878,3.476312067530067,0.0028954423592493297,1.4384643785507272,99.57,Strong Buy
COCHINSHIP.NS,Cochin Shipyard,Industrials,44163.28,0.147,0.1861,15.85,0.18,1.32,58.27,1.2931583249080232,25.2471596887044,-7928128000.0,26.559509422647064,0.0,65264499.99999992,0.34624535401380946,3.476312067530067,0.004403933922605243,-0.35855924567026115,1.32,Avoid
RADICO.NS,Radico Khaitan,Consumer Defensive,44077.79,0.2462,0.0713,13.62,0.21,1.65,94.95,2.2521711916264433,100.89864164491007,1819139000.0,7.373587832920573,0.0,-2979974699.999998,1.0367793952609294,3.476312067530067,0.0028954423592493297,1.0499109838133187,96.68,Strong Buy
SUPREMEINDS.NS,Supreme Inds.,Unknown,43995.7,0.0168,0.0883,17.14,0.06,1.9,51.88,5.554,34.21422590321974,9592400000.0,11.733023580748199,0.0,-3523520000.0000033,0.6606824965940559,3.476312067530067,0.0028954423592493297,1.1965874269181191,99.1,Strong Buy
ITCHOTELS.NS,ITC Hotels,Consumer Cyclical,43629.73,0.6003000000000001,0.1804,6.66,0.01,3.11,59.14,0.7712520167278736,34.21422590321974,4175200000.0,134.14156626506025,0.0,-3523520000.0000033,0.2826055244119632,3.476312067530067,0.0028954423592493297,1.2661329719337504,1.76,Avoid
PAGEIND.NS,Page Industries,Consumer Cyclical,43507.16,0.0584,0.1477,48.54,0.19,1.63,56.93,4.149383367254137,55.46703530883073,11240250000.0,22.10006899823192,0.0,-234165999.9999998,1.858885944856075,3.476312067530067,0.0028954423592493297,1.650694926365509,99.18,Strong Buy
GLAXO.NS,Glaxosmi. Pharma,Healthcare,42140.58,0.0417,0.23309999999999997,46.87,0.02,1.78,44.2,2.720435963355673,21.035331400143004,12651758000.0,960.0305244728629,0.0,27250100.00000003,0.9070046960059425,3.476312067530067,0.0028954423592493297,1.3906006676060976,99.18,Strong Buy
ESCORTS.NS,Escorts Kubota,Industrials,41290.25,0.0815,0.1235,12.8,0.01,3.68,34.64,2.1939047830934957,55.61776654492964,7474700000.0,50.10977826245002,0.0,-550849999.9999998,0.7718187363581603,3.476312067530067,0.0028954423592493297,0.7930731892421775,95.36,Strong Buy
PETRONET.NS,Petronet LNG,Energy,41272.58,-0.1373,0.0774,21.16,0.12,4.01,11.25,3.9141107418730265,64.57268113356285,29410300000.0,22.052743804312843,0.0,2682670000.0000024,1.8566414365383692,3.476312067530067,0.0028954423592493297,1.1070410906491335,99.18,Strong Buy
